No.,Issue URL
14757,https://github.com/golang/go/issues/14757
14878,https://github.com/golang/go/issues/14878
19109,https://github.com/golang/go/issues/19109
20177,https://github.com/golang/go/issues/20177
20654,https://github.com/golang/go/issues/20654
22741,https://github.com/golang/go/issues/22741
22823,https://github.com/golang/go/issues/22823
22836,https://github.com/golang/go/issues/22836
23044,https://github.com/golang/go/issues/23044
23282,https://github.com/golang/go/issues/23282
23514,https://github.com/golang/go/issues/23514
24171,https://github.com/golang/go/issues/24171
25137,https://github.com/golang/go/issues/25137
25348,https://github.com/golang/go/issues/25348
26950,https://github.com/golang/go/issues/26950
27599,https://github.com/golang/go/issues/27599
27889,https://github.com/golang/go/issues/27889
28873,https://github.com/golang/go/issues/28873
29289,https://github.com/golang/go/issues/29289
29301,https://github.com/golang/go/issues/29301
29390,https://github.com/golang/go/issues/29390
29540,https://github.com/golang/go/issues/29540
29721,https://github.com/golang/go/issues/29721
29824,https://github.com/golang/go/issues/29824
29951,https://github.com/golang/go/issues/29951
30301,https://github.com/golang/go/issues/30301
30369,https://github.com/golang/go/issues/30369
31107,https://github.com/golang/go/issues/31107
31520,https://github.com/golang/go/issues/31520
31773,https://github.com/golang/go/issues/31773
31933,https://github.com/golang/go/issues/31933
32115,https://github.com/golang/go/issues/32115
33060,https://github.com/golang/go/issues/33060
33194,https://github.com/golang/go/issues/33194
33273,https://github.com/golang/go/issues/33273
33457,https://github.com/golang/go/issues/33457
33522,https://github.com/golang/go/issues/33522
33595,https://github.com/golang/go/issues/33595
33688,https://github.com/golang/go/issues/33688
33888,https://github.com/golang/go/issues/33888
34305,https://github.com/golang/go/issues/34305
34306,https://github.com/golang/go/issues/34306
34375,https://github.com/golang/go/issues/34375
34416,https://github.com/golang/go/issues/34416
34508,https://github.com/golang/go/issues/34508
34544,https://github.com/golang/go/issues/34544
34593,https://github.com/golang/go/issues/34593
34594,https://github.com/golang/go/issues/34594
34624,https://github.com/golang/go/issues/34624
34681,https://github.com/golang/go/issues/34681
34798,https://github.com/golang/go/issues/34798
35008,https://github.com/golang/go/issues/35008
35061,https://github.com/golang/go/issues/35061
35178,https://github.com/golang/go/issues/35178
35480,https://github.com/golang/go/issues/35480
35481,https://github.com/golang/go/issues/35481
35510,https://github.com/golang/go/issues/35510
35643,https://github.com/golang/go/issues/35643
35696,https://github.com/golang/go/issues/35696
35697,https://github.com/golang/go/issues/35697
35699,https://github.com/golang/go/issues/35699
35761,https://github.com/golang/go/issues/35761
35852,https://github.com/golang/go/issues/35852
35947,https://github.com/golang/go/issues/35947
35950,https://github.com/golang/go/issues/35950
35956,https://github.com/golang/go/issues/35956
36145,https://github.com/golang/go/issues/36145
36189,https://github.com/golang/go/issues/36189
36266,https://github.com/golang/go/issues/36266
36290,https://github.com/golang/go/issues/36290
36337,https://github.com/golang/go/issues/36337
36349,https://github.com/golang/go/issues/36349
36450,https://github.com/golang/go/issues/36450
36681,https://github.com/golang/go/issues/36681
36887,https://github.com/golang/go/issues/36887
36898,https://github.com/golang/go/issues/36898
37094,https://github.com/golang/go/issues/37094
37113,https://github.com/golang/go/issues/37113
37166,https://github.com/golang/go/issues/37166
37250,https://github.com/golang/go/issues/37250
37299,https://github.com/golang/go/issues/37299
37344,https://github.com/golang/go/issues/37344
37399,https://github.com/golang/go/issues/37399
37452,https://github.com/golang/go/issues/37452
37495,https://github.com/golang/go/issues/37495
37503,https://github.com/golang/go/issues/37503
37642,https://github.com/golang/go/issues/37642
37681,https://github.com/golang/go/issues/37681
37724,https://github.com/golang/go/issues/37724
37755,https://github.com/golang/go/issues/37755
37770,https://github.com/golang/go/issues/37770
37836,https://github.com/golang/go/issues/37836
37848,https://github.com/golang/go/issues/37848
37995,https://github.com/golang/go/issues/37995
38149,https://github.com/golang/go/issues/38149
38150,https://github.com/golang/go/issues/38150
38193,https://github.com/golang/go/issues/38193
38203,https://github.com/golang/go/issues/38203
38298,https://github.com/golang/go/issues/38298
38364,https://github.com/golang/go/issues/38364
38375,https://github.com/golang/go/issues/38375
38502,https://github.com/golang/go/issues/38502
38509,https://github.com/golang/go/issues/38509
38583,https://github.com/golang/go/issues/38583
38641,https://github.com/golang/go/issues/38641
38736,https://github.com/golang/go/issues/38736
38831,https://github.com/golang/go/issues/38831
38891,https://github.com/golang/go/issues/38891
38935,https://github.com/golang/go/issues/38935
38945,https://github.com/golang/go/issues/38945
39005,https://github.com/golang/go/issues/39005
39056,https://github.com/golang/go/issues/39056
39064,https://github.com/golang/go/issues/39064
39155,https://github.com/golang/go/issues/39155
39165,https://github.com/golang/go/issues/39165
39167,https://github.com/golang/go/issues/39167
39247,https://github.com/golang/go/issues/39247
39290,https://github.com/golang/go/issues/39290
39291,https://github.com/golang/go/issues/39291
39357,https://github.com/golang/go/issues/39357
39377,https://github.com/golang/go/issues/39377
39413,https://github.com/golang/go/issues/39413
39426,https://github.com/golang/go/issues/39426
39436,https://github.com/golang/go/issues/39436
39493,https://github.com/golang/go/issues/39493
39528,https://github.com/golang/go/issues/39528
39539,https://github.com/golang/go/issues/39539
39545,https://github.com/golang/go/issues/39545
39558,https://github.com/golang/go/issues/39558
39565,https://github.com/golang/go/issues/39565
39574,https://github.com/golang/go/issues/39574
39683,https://github.com/golang/go/issues/39683
39726,https://github.com/golang/go/issues/39726
39798,https://github.com/golang/go/issues/39798
39863,https://github.com/golang/go/issues/39863
39893,https://github.com/golang/go/issues/39893
39903,https://github.com/golang/go/issues/39903
40026,https://github.com/golang/go/issues/40026
40138,https://github.com/golang/go/issues/40138
40155,https://github.com/golang/go/issues/40155
40198,https://github.com/golang/go/issues/40198
40200,https://github.com/golang/go/issues/40200
40227,https://github.com/golang/go/issues/40227
40238,https://github.com/golang/go/issues/40238
40239,https://github.com/golang/go/issues/40239
40286,https://github.com/golang/go/issues/40286
40405,https://github.com/golang/go/issues/40405
40431,https://github.com/golang/go/issues/40431
40483,https://github.com/golang/go/issues/40483
40511,https://github.com/golang/go/issues/40511
40580,https://github.com/golang/go/issues/40580
40587,https://github.com/golang/go/issues/40587
40663,https://github.com/golang/go/issues/40663
40673,https://github.com/golang/go/issues/40673
40674,https://github.com/golang/go/issues/40674
40675,https://github.com/golang/go/issues/40675
40717,https://github.com/golang/go/issues/40717
40718,https://github.com/golang/go/issues/40718
40720,https://github.com/golang/go/issues/40720
40765,https://github.com/golang/go/issues/40765
40827,https://github.com/golang/go/issues/40827
40860,https://github.com/golang/go/issues/40860
40870,https://github.com/golang/go/issues/40870
40984,https://github.com/golang/go/issues/40984
41049,https://github.com/golang/go/issues/41049
41054,https://github.com/golang/go/issues/41054
41130,https://github.com/golang/go/issues/41130
41145,https://github.com/golang/go/issues/41145
41162,https://github.com/golang/go/issues/41162
41182,https://github.com/golang/go/issues/41182
41188,https://github.com/golang/go/issues/41188
41249,https://github.com/golang/go/issues/41249
41265,https://github.com/golang/go/issues/41265
41324,https://github.com/golang/go/issues/41324
41493,https://github.com/golang/go/issues/41493
41494,https://github.com/golang/go/issues/41494
41495,https://github.com/golang/go/issues/41495
41517,https://github.com/golang/go/issues/41517
41523,https://github.com/golang/go/issues/41523
41625,https://github.com/golang/go/issues/41625
41709,https://github.com/golang/go/issues/41709
41733,https://github.com/golang/go/issues/41733
41748,https://github.com/golang/go/issues/41748
41757,https://github.com/golang/go/issues/41757
41824,https://github.com/golang/go/issues/41824
41896,https://github.com/golang/go/issues/41896
41974,https://github.com/golang/go/issues/41974
41993,https://github.com/golang/go/issues/41993
42009,https://github.com/golang/go/issues/42009
42040,https://github.com/golang/go/issues/42040
42099,https://github.com/golang/go/issues/42099
42161,https://github.com/golang/go/issues/42161
42168,https://github.com/golang/go/issues/42168
42173,https://github.com/golang/go/issues/42173
42182,https://github.com/golang/go/issues/42182
42201,https://github.com/golang/go/issues/42201
42343,https://github.com/golang/go/issues/42343
42361,https://github.com/golang/go/issues/42361
42420,https://github.com/golang/go/issues/42420
42460,https://github.com/golang/go/issues/42460
42469,https://github.com/golang/go/issues/42469
42477,https://github.com/golang/go/issues/42477
42712,https://github.com/golang/go/issues/42712
42713,https://github.com/golang/go/issues/42713
42827,https://github.com/golang/go/issues/42827
42877,https://github.com/golang/go/issues/42877
42950,https://github.com/golang/go/issues/42950
43025,https://github.com/golang/go/issues/43025
43030,https://github.com/golang/go/issues/43030
43062,https://github.com/golang/go/issues/43062
43076,https://github.com/golang/go/issues/43076
43168,https://github.com/golang/go/issues/43168
43173,https://github.com/golang/go/issues/43173
43201,https://github.com/golang/go/issues/43201
43217,https://github.com/golang/go/issues/43217
43223,https://github.com/golang/go/issues/43223
43429,https://github.com/golang/go/issues/43429
43552,https://github.com/golang/go/issues/43552
43579,https://github.com/golang/go/issues/43579
43634,https://github.com/golang/go/issues/43634
43656,https://github.com/golang/go/issues/43656
43729,https://github.com/golang/go/issues/43729
43732,https://github.com/golang/go/issues/43732
43810,https://github.com/golang/go/issues/43810
44005,https://github.com/golang/go/issues/44005
44018,https://github.com/golang/go/issues/44018
44026,https://github.com/golang/go/issues/44026
44049,https://github.com/golang/go/issues/44049
44086,https://github.com/golang/go/issues/44086
44089,https://github.com/golang/go/issues/44089
44092,https://github.com/golang/go/issues/44092
44138,https://github.com/golang/go/issues/44138
44159,https://github.com/golang/go/issues/44159
44198,https://github.com/golang/go/issues/44198
44235,https://github.com/golang/go/issues/44235
44338,https://github.com/golang/go/issues/44338
44347,https://github.com/golang/go/issues/44347
44394,https://github.com/golang/go/issues/44394
44412,https://github.com/golang/go/issues/44412
44436,https://github.com/golang/go/issues/44436
44442,https://github.com/golang/go/issues/44442
44444,https://github.com/golang/go/issues/44444
44466,https://github.com/golang/go/issues/44466
44484,https://github.com/golang/go/issues/44484
44550,https://github.com/golang/go/issues/44550
44560,https://github.com/golang/go/issues/44560
44571,https://github.com/golang/go/issues/44571
44649,https://github.com/golang/go/issues/44649
44650,https://github.com/golang/go/issues/44650
44751,https://github.com/golang/go/issues/44751
44905,https://github.com/golang/go/issues/44905
44936,https://github.com/golang/go/issues/44936
44955,https://github.com/golang/go/issues/44955
45003,https://github.com/golang/go/issues/45003
45051,https://github.com/golang/go/issues/45051
45108,https://github.com/golang/go/issues/45108
45124,https://github.com/golang/go/issues/45124
45264,https://github.com/golang/go/issues/45264
45282,https://github.com/golang/go/issues/45282
45328,https://github.com/golang/go/issues/45328
45403,https://github.com/golang/go/issues/45403
45414,https://github.com/golang/go/issues/45414
45455,https://github.com/golang/go/issues/45455
45469,https://github.com/golang/go/issues/45469
45533,https://github.com/golang/go/issues/45533
45562,https://github.com/golang/go/issues/45562
45568,https://github.com/golang/go/issues/45568
45571,https://github.com/golang/go/issues/45571
45645,https://github.com/golang/go/issues/45645
45650,https://github.com/golang/go/issues/45650
45733,https://github.com/golang/go/issues/45733
45752,https://github.com/golang/go/issues/45752
45815,https://github.com/golang/go/issues/45815
45898,https://github.com/golang/go/issues/45898
45915,https://github.com/golang/go/issues/45915
45961,https://github.com/golang/go/issues/45961
45980,https://github.com/golang/go/issues/45980
46050,https://github.com/golang/go/issues/46050
46065,https://github.com/golang/go/issues/46065
46093,https://github.com/golang/go/issues/46093
46184,https://github.com/golang/go/issues/46184
46190,https://github.com/golang/go/issues/46190
46226,https://github.com/golang/go/issues/46226
46232,https://github.com/golang/go/issues/46232
46268,https://github.com/golang/go/issues/46268
46273,https://github.com/golang/go/issues/46273
46319,https://github.com/golang/go/issues/46319
46385,https://github.com/golang/go/issues/46385
46423,https://github.com/golang/go/issues/46423
46431,https://github.com/golang/go/issues/46431
46465,https://github.com/golang/go/issues/46465
46514,https://github.com/golang/go/issues/46514
46588,https://github.com/golang/go/issues/46588
46699,https://github.com/golang/go/issues/46699
46712,https://github.com/golang/go/issues/46712
46758,https://github.com/golang/go/issues/46758
46772,https://github.com/golang/go/issues/46772
46774,https://github.com/golang/go/issues/46774
46792,https://github.com/golang/go/issues/46792
46802,https://github.com/golang/go/issues/46802
46915,https://github.com/golang/go/issues/46915
46917,https://github.com/golang/go/issues/46917
46940,https://github.com/golang/go/issues/46940
46960,https://github.com/golang/go/issues/46960
47033,https://github.com/golang/go/issues/47033
47034,https://github.com/golang/go/issues/47034
47049,https://github.com/golang/go/issues/47049
47099,https://github.com/golang/go/issues/47099
47101,https://github.com/golang/go/issues/47101
47174,https://github.com/golang/go/issues/47174
47187,https://github.com/golang/go/issues/47187
47230,https://github.com/golang/go/issues/47230
47373,https://github.com/golang/go/issues/47373
47398,https://github.com/golang/go/issues/47398
47425,https://github.com/golang/go/issues/47425
47459,https://github.com/golang/go/issues/47459
47529,https://github.com/golang/go/issues/47529
47567,https://github.com/golang/go/issues/47567
47581,https://github.com/golang/go/issues/47581
47593,https://github.com/golang/go/issues/47593
47621,https://github.com/golang/go/issues/47621
47663,https://github.com/golang/go/issues/47663
47783,https://github.com/golang/go/issues/47783
47788,https://github.com/golang/go/issues/47788
47803,https://github.com/golang/go/issues/47803
47811,https://github.com/golang/go/issues/47811
47822,https://github.com/golang/go/issues/47822
47907,https://github.com/golang/go/issues/47907
47942,https://github.com/golang/go/issues/47942
47953,https://github.com/golang/go/issues/47953
47963,https://github.com/golang/go/issues/47963
47987,https://github.com/golang/go/issues/47987
47994,https://github.com/golang/go/issues/47994
48019,https://github.com/golang/go/issues/48019
48123,https://github.com/golang/go/issues/48123
48170,https://github.com/golang/go/issues/48170
48182,https://github.com/golang/go/issues/48182
48259,https://github.com/golang/go/issues/48259
48266,https://github.com/golang/go/issues/48266
48348,https://github.com/golang/go/issues/48348
48411,https://github.com/golang/go/issues/48411
48441,https://github.com/golang/go/issues/48441
48503,https://github.com/golang/go/issues/48503
48535,https://github.com/golang/go/issues/48535
48567,https://github.com/golang/go/issues/48567
48594,https://github.com/golang/go/issues/48594
48630,https://github.com/golang/go/issues/48630
48639,https://github.com/golang/go/issues/48639
48643,https://github.com/golang/go/issues/48643
48702,https://github.com/golang/go/issues/48702
48811,https://github.com/golang/go/issues/48811
48831,https://github.com/golang/go/issues/48831
48840,https://github.com/golang/go/issues/48840
49078,https://github.com/golang/go/issues/49078
49096,https://github.com/golang/go/issues/49096
49172,https://github.com/golang/go/issues/49172
49268,https://github.com/golang/go/issues/49268
49300,https://github.com/golang/go/issues/49300
49329,https://github.com/golang/go/issues/49329
49334,https://github.com/golang/go/issues/49334
49356,https://github.com/golang/go/issues/49356
49358,https://github.com/golang/go/issues/49358
49460,https://github.com/golang/go/issues/49460
49522,https://github.com/golang/go/issues/49522
49546,https://github.com/golang/go/issues/49546
49563,https://github.com/golang/go/issues/49563
49587,https://github.com/golang/go/issues/49587
49802,https://github.com/golang/go/issues/49802
49848,https://github.com/golang/go/issues/49848
49898,https://github.com/golang/go/issues/49898
49951,https://github.com/golang/go/issues/49951
49970,https://github.com/golang/go/issues/49970
50056,https://github.com/golang/go/issues/50056
50118,https://github.com/golang/go/issues/50118
50136,https://github.com/golang/go/issues/50136
50310,https://github.com/golang/go/issues/50310
50312,https://github.com/golang/go/issues/50312
50348,https://github.com/golang/go/issues/50348
50451,https://github.com/golang/go/issues/50451
50456,https://github.com/golang/go/issues/50456
50480,https://github.com/golang/go/issues/50480
50590,https://github.com/golang/go/issues/50590
50730,https://github.com/golang/go/issues/50730
50794,https://github.com/golang/go/issues/50794
50819,https://github.com/golang/go/issues/50819
50868,https://github.com/golang/go/issues/50868
50898,https://github.com/golang/go/issues/50898
50914,https://github.com/golang/go/issues/50914
50943,https://github.com/golang/go/issues/50943
50963,https://github.com/golang/go/issues/50963
50969,https://github.com/golang/go/issues/50969
51021,https://github.com/golang/go/issues/51021
51039,https://github.com/golang/go/issues/51039
51092,https://github.com/golang/go/issues/51092
51134,https://github.com/golang/go/issues/51134
51170,https://github.com/golang/go/issues/51170
51218,https://github.com/golang/go/issues/51218
51295,https://github.com/golang/go/issues/51295
51299,https://github.com/golang/go/issues/51299
51491,https://github.com/golang/go/issues/51491
51520,https://github.com/golang/go/issues/51520
51563,https://github.com/golang/go/issues/51563
51573,https://github.com/golang/go/issues/51573
51674,https://github.com/golang/go/issues/51674
51812,https://github.com/golang/go/issues/51812
51815,https://github.com/golang/go/issues/51815
51833,https://github.com/golang/go/issues/51833
51887,https://github.com/golang/go/issues/51887
51931,https://github.com/golang/go/issues/51931
51967,https://github.com/golang/go/issues/51967
52006,https://github.com/golang/go/issues/52006
52099,https://github.com/golang/go/issues/52099
52157,https://github.com/golang/go/issues/52157
52267,https://github.com/golang/go/issues/52267
52296,https://github.com/golang/go/issues/52296
52310,https://github.com/golang/go/issues/52310
52473,https://github.com/golang/go/issues/52473
52544,https://github.com/golang/go/issues/52544
52555,https://github.com/golang/go/issues/52555
52607,https://github.com/golang/go/issues/52607
52614,https://github.com/golang/go/issues/52614
52632,https://github.com/golang/go/issues/52632
52638,https://github.com/golang/go/issues/52638
52692,https://github.com/golang/go/issues/52692
52775,https://github.com/golang/go/issues/52775
52778,https://github.com/golang/go/issues/52778
52803,https://github.com/golang/go/issues/52803
52805,https://github.com/golang/go/issues/52805
52806,https://github.com/golang/go/issues/52806
52807,https://github.com/golang/go/issues/52807
52817,https://github.com/golang/go/issues/52817
52886,https://github.com/golang/go/issues/52886
52911,https://github.com/golang/go/issues/52911
52936,https://github.com/golang/go/issues/52936
52974,https://github.com/golang/go/issues/52974
53171,https://github.com/golang/go/issues/53171
53236,https://github.com/golang/go/issues/53236
53271,https://github.com/golang/go/issues/53271
53340,https://github.com/golang/go/issues/53340
53353,https://github.com/golang/go/issues/53353
53362,https://github.com/golang/go/issues/53362
53443,https://github.com/golang/go/issues/53443
53447,https://github.com/golang/go/issues/53447
53510,https://github.com/golang/go/issues/53510
53527,https://github.com/golang/go/issues/53527
53596,https://github.com/golang/go/issues/53596
53633,https://github.com/golang/go/issues/53633
53777,https://github.com/golang/go/issues/53777
